"1";"MARY";"SMITH";"MARY.SMITH@sakilacustomer.org";"14.02.2006"
"2";"PATRICIA";"JOHNSON";"PATRICIA.JOHNSON@sakilacustomer.org";"14.02.2006"
"3";"LINDA";"WILLIAMS";"LINDA.WILLIAMS@sakilacustomer.org";"14.02.2006"
"4";"BARBARA";"JONES";"BARBARA.JONES@sakilacustomer.org";"14.02.2006"
"5";"ELIZABETH";"BROWN";"ELIZABETH.BROWN@sakilacustomer.org";"14.02.2006"
"6";"JENNIFER";"DAVIS";"JENNIFER.DAVIS@sakilacustomer.org";"14.02.2006"
"7";"MARIA";"MILLER";"MARIA.MILLER@sakilacustomer.org";"14.02.2006"
"8";"SUSAN";"WILSON";"SUSAN.WILSON@sakilacustomer.org";"14.02.2006"
"9";"MARGARET";"MOORE";"MARGARET.MOORE@sakilacustomer.org";"14.02.2006"
"10";"DOROTHY";"TAYLOR";"DOROTHY.TAYLOR@sakilacustomer.org";"14.02.2006"
"11";"LISA";"ANDERSON";"LISA.ANDERSON@sakilacustomer.org";"14.02.2006"
"12";"NANCY";"THOMAS";"NANCY.THOMAS@sakilacustomer.org";"14.02.2006"
"13";"KAREN";"JACKSON";"KAREN.JACKSON@sakilacustomer.org";"14.02.2006"
"14";"BETTY";"WHITE";"BETTY.WHITE@sakilacustomer.org";"14.02.2006"
"15";"HELEN";"HARRIS";"HELEN.HARRIS@sakilacustomer.org";"14.02.2006"
"16";"SANDRA";"MARTIN";"SANDRA.MARTIN@sakilacustomer.org";"14.02.2006"
"17";"DONNA";"THOMPSON";"DONNA.THOMPSON@sakilacustomer.org";"14.02.2006"
"18";"CAROL";"GARCIA";"CAROL.GARCIA@sakilacustomer.org";"14.02.2006"
"19";"RUTH";"MARTINEZ";"RUTH.MARTINEZ@sakilacustomer.org";"14.02.2006"
"20";"SHARON";"ROBINSON";"SHARON.ROBINSON@sakilacustomer.org";"14.02.2006"
"21";"MICHELLE";"CLARK";"MICHELLE.CLARK@sakilacustomer.org";"14.02.2006"
"22";"LAURA";"RODRIGUEZ";"LAURA.RODRIGUEZ@sakilacustomer.org";"14.02.2006"
"23";"SARAH";"LEWIS";"SARAH.LEWIS@sakilacustomer.org";"14.02.2006"
"24";"KIMBERLY";"LEE";"KIMBERLY.LEE@sakilacustomer.org";"14.02.2006"
"25";"DEBORAH";"WALKER";"DEBORAH.WALKER@sakilacustomer.org";"14.02.2006"
"26";"JESSICA";"HALL";"JESSICA.HALL@sakilacustomer.org";"14.02.2006"
"27";"SHIRLEY";"ALLEN";"SHIRLEY.ALLEN@sakilacustomer.org";"14.02.2006"
"28";"CYNTHIA";"YOUNG";"CYNTHIA.YOUNG@sakilacustomer.org";"14.02.2006"
"29";"ANGELA";"HERNANDEZ";"ANGELA.HERNANDEZ@sakilacustomer.org";"14.02.2006"
"30";"MELISSA";"KING";"MELISSA.KING@sakilacustomer.org";"14.02.2006"
"31";"BRENDA";"WRIGHT";"BRENDA.WRIGHT@sakilacustomer.org";"14.02.2006"
"32";"AMY";"LOPEZ";"AMY.LOPEZ@sakilacustomer.org";"14.02.2006"
"33";"ANNA";"HILL";"ANNA.HILL@sakilacustomer.org";"14.02.2006"
"34";"REBECCA";"SCOTT";"REBECCA.SCOTT@sakilacustomer.org";"14.02.2006"
"35";"VIRGINIA";"GREEN";"VIRGINIA.GREEN@sakilacustomer.org";"14.02.2006"
"36";"KATHLEEN";"ADAMS";"KATHLEEN.ADAMS@sakilacustomer.org";"14.02.2006"
"37";"PAMELA";"BAKER";"PAMELA.BAKER@sakilacustomer.org";"14.02.2006"
"38";"MARTHA";"GONZALEZ";"MARTHA.GONZALEZ@sakilacustomer.org";"14.02.2006"
"39";"DEBRA";"NELSON";"DEBRA.NELSON@sakilacustomer.org";"14.02.2006"
"40";"AMANDA";"CARTER";"AMANDA.CARTER@sakilacustomer.org";"14.02.2006"
"41";"STEPHANIE";"MITCHELL";"STEPHANIE.MITCHELL@sakilacustomer.org";"14.02.2006"
"42";"CAROLYN";"PEREZ";"CAROLYN.PEREZ@sakilacustomer.org";"14.02.2006"
"43";"CHRISTINE";"ROBERTS";"CHRISTINE.ROBERTS@sakilacustomer.org";"14.02.2006"
"44";"MARIE";"TURNER";"MARIE.TURNER@sakilacustomer.org";"14.02.2006"
"45";"JANET";"PHILLIPS";"JANET.PHILLIPS@sakilacustomer.org";"14.02.2006"
"46";"CATHERINE";"CAMPBELL";"CATHERINE.CAMPBELL@sakilacustomer.org";"14.02.2006"
"47";"FRANCES";"PARKER";"FRANCES.PARKER@sakilacustomer.org";"14.02.2006"
"48";"ANN";"EVANS";"ANN.EVANS@sakilacustomer.org";"14.02.2006"
"49";"JOYCE";"EDWARDS";"JOYCE.EDWARDS@sakilacustomer.org";"14.02.2006"
"50";"DIANE";"COLLINS";"DIANE.COLLINS@sakilacustomer.org";"14.02.2006"
"51";"ALICE";"STEWART";"ALICE.STEWART@sakilacustomer.org";"14.02.2006"
"52";"JULIE";"SANCHEZ";"JULIE.SANCHEZ@sakilacustomer.org";"14.02.2006"
"53";"HEATHER";"MORRIS";"HEATHER.MORRIS@sakilacustomer.org";"14.02.2006"
"54";"TERESA";"ROGERS";"TERESA.ROGERS@sakilacustomer.org";"14.02.2006"
"55";"DORIS";"REED";"DORIS.REED@sakilacustomer.org";"14.02.2006"
"56";"GLORIA";"COOK";"GLORIA.COOK@sakilacustomer.org";"14.02.2006"
"57";"EVELYN";"MORGAN";"EVELYN.MORGAN@sakilacustomer.org";"14.02.2006"
"58";"JEAN";"BELL";"JEAN.BELL@sakilacustomer.org";"14.02.2006"
"59";"CHERYL";"MURPHY";"CHERYL.MURPHY@sakilacustomer.org";"14.02.2006"
"60";"MILDRED";"BAILEY";"MILDRED.BAILEY@sakilacustomer.org";"14.02.2006"
"61";"KATHERINE";"RIVERA";"KATHERINE.RIVERA@sakilacustomer.org";"14.02.2006"
"62";"JOAN";"COOPER";"JOAN.COOPER@sakilacustomer.org";"14.02.2006"
"63";"ASHLEY";"RICHARDSON";"ASHLEY.RICHARDSON@sakilacustomer.org";"14.02.2006"
"64";"JUDITH";"COX";"JUDITH.COX@sakilacustomer.org";"14.02.2006"
"65";"ROSE";"HOWARD";"ROSE.HOWARD@sakilacustomer.org";"14.02.2006"
"66";"JANICE";"WARD";"JANICE.WARD@sakilacustomer.org";"14.02.2006"
"67";"KELLY";"TORRES";"KELLY.TORRES@sakilacustomer.org";"14.02.2006"
"68";"NICOLE";"PETERSON";"NICOLE.PETERSON@sakilacustomer.org";"14.02.2006"
"69";"JUDY";"GRAY";"JUDY.GRAY@sakilacustomer.org";"14.02.2006"
"70";"CHRISTINA";"RAMIREZ";"CHRISTINA.RAMIREZ@sakilacustomer.org";"14.02.2006"
"71";"KATHY";"JAMES";"KATHY.JAMES@sakilacustomer.org";"14.02.2006"
"72";"THERESA";"WATSON";"THERESA.WATSON@sakilacustomer.org";"14.02.2006"
"73";"BEVERLY";"BROOKS";"BEVERLY.BROOKS@sakilacustomer.org";"14.02.2006"
"74";"DENISE";"KELLY";"DENISE.KELLY@sakilacustomer.org";"14.02.2006"
"75";"TAMMY";"SANDERS";"TAMMY.SANDERS@sakilacustomer.org";"14.02.2006"
"76";"IRENE";"PRICE";"IRENE.PRICE@sakilacustomer.org";"14.02.2006"
"77";"JANE";"BENNETT";"JANE.BENNETT@sakilacustomer.org";"14.02.2006"
"78";"LORI";"WOOD";"LORI.WOOD@sakilacustomer.org";"14.02.2006"
"79";"RACHEL";"BARNES";"RACHEL.BARNES@sakilacustomer.org";"14.02.2006"
"80";"MARILYN";"ROSS";"MARILYN.ROSS@sakilacustomer.org";"14.02.2006"
"81";"ANDREA";"HENDERSON";"ANDREA.HENDERSON@sakilacustomer.org";"14.02.2006"
"82";"KATHRYN";"COLEMAN";"KATHRYN.COLEMAN@sakilacustomer.org";"14.02.2006"
"83";"LOUISE";"JENKINS";"LOUISE.JENKINS@sakilacustomer.org";"14.02.2006"
"84";"SARA";"PERRY";"SARA.PERRY@sakilacustomer.org";"14.02.2006"
"85";"ANNE";"POWELL";"ANNE.POWELL@sakilacustomer.org";"14.02.2006"
"86";"JACQUELINE";"LONG";"JACQUELINE.LONG@sakilacustomer.org";"14.02.2006"
"87";"WANDA";"PATTERSON";"WANDA.PATTERSON@sakilacustomer.org";"14.02.2006"
"88";"BONNIE";"HUGHES";"BONNIE.HUGHES@sakilacustomer.org";"14.02.2006"
"89";"JULIA";"FLORES";"JULIA.FLORES@sakilacustomer.org";"14.02.2006"
"90";"RUBY";"WASHINGTON";"RUBY.WASHINGTON@sakilacustomer.org";"14.02.2006"
"91";"LOIS";"BUTLER";"LOIS.BUTLER@sakilacustomer.org";"14.02.2006"
"92";"TINA";"SIMMONS";"TINA.SIMMONS@sakilacustomer.org";"14.02.2006"
"93";"PHYLLIS";"FOSTER";"PHYLLIS.FOSTER@sakilacustomer.org";"14.02.2006"
"94";"NORMA";"GONZALES";"NORMA.GONZALES@sakilacustomer.org";"14.02.2006"
"95";"PAULA";"BRYANT";"PAULA.BRYANT@sakilacustomer.org";"14.02.2006"
"96";"DIANA";"ALEXANDER";"DIANA.ALEXANDER@sakilacustomer.org";"14.02.2006"
"97";"ANNIE";"RUSSELL";"ANNIE.RUSSELL@sakilacustomer.org";"14.02.2006"
"98";"LILLIAN";"GRIFFIN";"LILLIAN.GRIFFIN@sakilacustomer.org";"14.02.2006"
"99";"EMILY";"DIAZ";"EMILY.DIAZ@sakilacustomer.org";"14.02.2006"
"100";"ROBIN";"HAYES";"ROBIN.HAYES@sakilacustomer.org";"14.02.2006"
"101";"PEGGY";"MYERS";"PEGGY.MYERS@sakilacustomer.org";"14.02.2006"
"102";"CRYSTAL";"FORD";"CRYSTAL.FORD@sakilacustomer.org";"14.02.2006"
"103";"GLADYS";"HAMILTON";"GLADYS.HAMILTON@sakilacustomer.org";"14.02.2006"
"104";"RITA";"GRAHAM";"RITA.GRAHAM@sakilacustomer.org";"14.02.2006"
"105";"DAWN";"SULLIVAN";"DAWN.SULLIVAN@sakilacustomer.org";"14.02.2006"
"106";"CONNIE";"WALLACE";"CONNIE.WALLACE@sakilacustomer.org";"14.02.2006"
"107";"FLORENCE";"WOODS";"FLORENCE.WOODS@sakilacustomer.org";"14.02.2006"
"108";"TRACY";"COLE";"TRACY.COLE@sakilacustomer.org";"14.02.2006"
"109";"EDNA";"WEST";"EDNA.WEST@sakilacustomer.org";"14.02.2006"
"110";"TIFFANY";"JORDAN";"TIFFANY.JORDAN@sakilacustomer.org";"14.02.2006"
"111";"CARMEN";"OWENS";"CARMEN.OWENS@sakilacustomer.org";"14.02.2006"
"112";"ROSA";"REYNOLDS";"ROSA.REYNOLDS@sakilacustomer.org";"14.02.2006"
"113";"CINDY";"FISHER";"CINDY.FISHER@sakilacustomer.org";"14.02.2006"
"114";"GRACE";"ELLIS";"GRACE.ELLIS@sakilacustomer.org";"14.02.2006"
"115";"WENDY";"HARRISON";"WENDY.HARRISON@sakilacustomer.org";"14.02.2006"
"116";"VICTORIA";"GIBSON";"VICTORIA.GIBSON@sakilacustomer.org";"14.02.2006"
"117";"EDITH";"MCDONALD";"EDITH.MCDONALD@sakilacustomer.org";"14.02.2006"
"118";"KIM";"CRUZ";"KIM.CRUZ@sakilacustomer.org";"14.02.2006"
"119";"SHERRY";"MARSHALL";"SHERRY.MARSHALL@sakilacustomer.org";"14.02.2006"
"120";"SYLVIA";"ORTIZ";"SYLVIA.ORTIZ@sakilacustomer.org";"14.02.2006"
"121";"JOSEPHINE";"GOMEZ";"JOSEPHINE.GOMEZ@sakilacustomer.org";"14.02.2006"
"122";"THELMA";"MURRAY";"THELMA.MURRAY@sakilacustomer.org";"14.02.2006"
"123";"SHANNON";"FREEMAN";"SHANNON.FREEMAN@sakilacustomer.org";"14.02.2006"
"124";"SHEILA";"WELLS";"SHEILA.WELLS@sakilacustomer.org";"14.02.2006"
"125";"ETHEL";"WEBB";"ETHEL.WEBB@sakilacustomer.org";"14.02.2006"
"126";"ELLEN";"SIMPSON";"ELLEN.SIMPSON@sakilacustomer.org";"14.02.2006"
"127";"ELAINE";"STEVENS";"ELAINE.STEVENS@sakilacustomer.org";"14.02.2006"
"128";"MARJORIE";"TUCKER";"MARJORIE.TUCKER@sakilacustomer.org";"14.02.2006"
"129";"CARRIE";"PORTER";"CARRIE.PORTER@sakilacustomer.org";"14.02.2006"
"130";"CHARLOTTE";"HUNTER";"CHARLOTTE.HUNTER@sakilacustomer.org";"14.02.2006"
"131";"MONICA";"HICKS";"MONICA.HICKS@sakilacustomer.org";"14.02.2006"
"132";"ESTHER";"CRAWFORD";"ESTHER.CRAWFORD@sakilacustomer.org";"14.02.2006"
"133";"PAULINE";"HENRY";"PAULINE.HENRY@sakilacustomer.org";"14.02.2006"
"134";"EMMA";"BOYD";"EMMA.BOYD@sakilacustomer.org";"14.02.2006"
"135";"JUANITA";"MASON";"JUANITA.MASON@sakilacustomer.org";"14.02.2006"
"136";"ANITA";"MORALES";"ANITA.MORALES@sakilacustomer.org";"14.02.2006"
"137";"RHONDA";"KENNEDY";"RHONDA.KENNEDY@sakilacustomer.org";"14.02.2006"
"138";"HAZEL";"WARREN";"HAZEL.WARREN@sakilacustomer.org";"14.02.2006"
"139";"AMBER";"DIXON";"AMBER.DIXON@sakilacustomer.org";"14.02.2006"
"140";"EVA";"RAMOS";"EVA.RAMOS@sakilacustomer.org";"14.02.2006"
"141";"DEBBIE";"REYES";"DEBBIE.REYES@sakilacustomer.org";"14.02.2006"
"142";"APRIL";"BURNS";"APRIL.BURNS@sakilacustomer.org";"14.02.2006"
"143";"LESLIE";"GORDON";"LESLIE.GORDON@sakilacustomer.org";"14.02.2006"
"144";"CLARA";"SHAW";"CLARA.SHAW@sakilacustomer.org";"14.02.2006"
"145";"LUCILLE";"HOLMES";"LUCILLE.HOLMES@sakilacustomer.org";"14.02.2006"
"146";"JAMIE";"RICE";"JAMIE.RICE@sakilacustomer.org";"14.02.2006"
"147";"JOANNE";"ROBERTSON";"JOANNE.ROBERTSON@sakilacustomer.org";"14.02.2006"
"148";"ELEANOR";"HUNT";"ELEANOR.HUNT@sakilacustomer.org";"14.02.2006"
"149";"VALERIE";"BLACK";"VALERIE.BLACK@sakilacustomer.org";"14.02.2006"
"150";"DANIELLE";"DANIELS";"DANIELLE.DANIELS@sakilacustomer.org";"14.02.2006"
"151";"MEGAN";"PALMER";"MEGAN.PALMER@sakilacustomer.org";"14.02.2006"
"152";"ALICIA";"MILLS";"ALICIA.MILLS@sakilacustomer.org";"14.02.2006"
"153";"SUZANNE";"NICHOLS";"SUZANNE.NICHOLS@sakilacustomer.org";"14.02.2006"
"154";"MICHELE";"GRANT";"MICHELE.GRANT@sakilacustomer.org";"14.02.2006"
"155";"GAIL";"KNIGHT";"GAIL.KNIGHT@sakilacustomer.org";"14.02.2006"
"156";"BERTHA";"FERGUSON";"BERTHA.FERGUSON@sakilacustomer.org";"14.02.2006"
"157";"DARLENE";"ROSE";"DARLENE.ROSE@sakilacustomer.org";"14.02.2006"
"158";"VERONICA";"STONE";"VERONICA.STONE@sakilacustomer.org";"14.02.2006"
"159";"JILL";"HAWKINS";"JILL.HAWKINS@sakilacustomer.org";"14.02.2006"
"160";"ERIN";"DUNN";"ERIN.DUNN@sakilacustomer.org";"14.02.2006"
"161";"GERALDINE";"PERKINS";"GERALDINE.PERKINS@sakilacustomer.org";"14.02.2006"
"162";"LAUREN";"HUDSON";"LAUREN.HUDSON@sakilacustomer.org";"14.02.2006"
"163";"CATHY";"SPENCER";"CATHY.SPENCER@sakilacustomer.org";"14.02.2006"
"164";"JOANN";"GARDNER";"JOANN.GARDNER@sakilacustomer.org";"14.02.2006"
"165";"LORRAINE";"STEPHENS";"LORRAINE.STEPHENS@sakilacustomer.org";"14.02.2006"
"166";"LYNN";"PAYNE";"LYNN.PAYNE@sakilacustomer.org";"14.02.2006"
"167";"SALLY";"PIERCE";"SALLY.PIERCE@sakilacustomer.org";"14.02.2006"
"168";"REGINA";"BERRY";"REGINA.BERRY@sakilacustomer.org";"14.02.2006"
"169";"ERICA";"MATTHEWS";"ERICA.MATTHEWS@sakilacustomer.org";"14.02.2006"
"170";"BEATRICE";"ARNOLD";"BEATRICE.ARNOLD@sakilacustomer.org";"14.02.2006"
"171";"DOLORES";"WAGNER";"DOLORES.WAGNER@sakilacustomer.org";"14.02.2006"
"172";"BERNICE";"WILLIS";"BERNICE.WILLIS@sakilacustomer.org";"14.02.2006"
"173";"AUDREY";"RAY";"AUDREY.RAY@sakilacustomer.org";"14.02.2006"
"174";"YVONNE";"WATKINS";"YVONNE.WATKINS@sakilacustomer.org";"14.02.2006"
"175";"ANNETTE";"OLSON";"ANNETTE.OLSON@sakilacustomer.org";"14.02.2006"
"176";"JUNE";"CARROLL";"JUNE.CARROLL@sakilacustomer.org";"14.02.2006"
"177";"SAMANTHA";"DUNCAN";"SAMANTHA.DUNCAN@sakilacustomer.org";"14.02.2006"
"178";"MARION";"SNYDER";"MARION.SNYDER@sakilacustomer.org";"14.02.2006"
"179";"DANA";"HART";"DANA.HART@sakilacustomer.org";"14.02.2006"
"180";"STACY";"CUNNINGHAM";"STACY.CUNNINGHAM@sakilacustomer.org";"14.02.2006"
"181";"ANA";"BRADLEY";"ANA.BRADLEY@sakilacustomer.org";"14.02.2006"
"182";"RENEE";"LANE";"RENEE.LANE@sakilacustomer.org";"14.02.2006"
"183";"IDA";"ANDREWS";"IDA.ANDREWS@sakilacustomer.org";"14.02.2006"
"184";"VIVIAN";"RUIZ";"VIVIAN.RUIZ@sakilacustomer.org";"14.02.2006"
"185";"ROBERTA";"HARPER";"ROBERTA.HARPER@sakilacustomer.org";"14.02.2006"
"186";"HOLLY";"FOX";"HOLLY.FOX@sakilacustomer.org";"14.02.2006"
"187";"BRITTANY";"RILEY";"BRITTANY.RILEY@sakilacustomer.org";"14.02.2006"
"188";"MELANIE";"ARMSTRONG";"MELANIE.ARMSTRONG@sakilacustomer.org";"14.02.2006"
"189";"LORETTA";"CARPENTER";"LORETTA.CARPENTER@sakilacustomer.org";"14.02.2006"
"190";"YOLANDA";"WEAVER";"YOLANDA.WEAVER@sakilacustomer.org";"14.02.2006"
"191";"JEANETTE";"GREENE";"JEANETTE.GREENE@sakilacustomer.org";"14.02.2006"
"192";"LAURIE";"LAWRENCE";"LAURIE.LAWRENCE@sakilacustomer.org";"14.02.2006"
"193";"KATIE";"ELLIOTT";"KATIE.ELLIOTT@sakilacustomer.org";"14.02.2006"
"194";"KRISTEN";"CHAVEZ";"KRISTEN.CHAVEZ@sakilacustomer.org";"14.02.2006"
"195";"VANESSA";"SIMS";"VANESSA.SIMS@sakilacustomer.org";"14.02.2006"
"196";"ALMA";"AUSTIN";"ALMA.AUSTIN@sakilacustomer.org";"14.02.2006"
"197";"SUE";"PETERS";"SUE.PETERS@sakilacustomer.org";"14.02.2006"
"198";"ELSIE";"KELLEY";"ELSIE.KELLEY@sakilacustomer.org";"14.02.2006"
"199";"BETH";"FRANKLIN";"BETH.FRANKLIN@sakilacustomer.org";"14.02.2006"
"200";"JEANNE";"LAWSON";"JEANNE.LAWSON@sakilacustomer.org";"14.02.2006"
"201";"VICKI";"FIELDS";"VICKI.FIELDS@sakilacustomer.org";"14.02.2006"
"202";"CARLA";"GUTIERREZ";"CARLA.GUTIERREZ@sakilacustomer.org";"14.02.2006"
"203";"TARA";"RYAN";"TARA.RYAN@sakilacustomer.org";"14.02.2006"
"204";"ROSEMARY";"SCHMIDT";"ROSEMARY.SCHMIDT@sakilacustomer.org";"14.02.2006"
"205";"EILEEN";"CARR";"EILEEN.CARR@sakilacustomer.org";"14.02.2006"
"206";"TERRI";"VASQUEZ";"TERRI.VASQUEZ@sakilacustomer.org";"14.02.2006"
"207";"GERTRUDE";"CASTILLO";"GERTRUDE.CASTILLO@sakilacustomer.org";"14.02.2006"
"208";"LUCY";"WHEELER";"LUCY.WHEELER@sakilacustomer.org";"14.02.2006"
"209";"TONYA";"CHAPMAN";"TONYA.CHAPMAN@sakilacustomer.org";"14.02.2006"
"210";"ELLA";"OLIVER";"ELLA.OLIVER@sakilacustomer.org";"14.02.2006"
"211";"STACEY";"MONTGOMERY";"STACEY.MONTGOMERY@sakilacustomer.org";"14.02.2006"
"212";"WILMA";"RICHARDS";"WILMA.RICHARDS@sakilacustomer.org";"14.02.2006"
"213";"GINA";"WILLIAMSON";"GINA.WILLIAMSON@sakilacustomer.org";"14.02.2006"
"214";"KRISTIN";"JOHNSTON";"KRISTIN.JOHNSTON@sakilacustomer.org";"14.02.2006"
"215";"JESSIE";"BANKS";"JESSIE.BANKS@sakilacustomer.org";"14.02.2006"
"216";"NATALIE";"MEYER";"NATALIE.MEYER@sakilacustomer.org";"14.02.2006"
"217";"AGNES";"BISHOP";"AGNES.BISHOP@sakilacustomer.org";"14.02.2006"
"218";"VERA";"MCCOY";"VERA.MCCOY@sakilacustomer.org";"14.02.2006"
"219";"WILLIE";"HOWELL";"WILLIE.HOWELL@sakilacustomer.org";"14.02.2006"
"220";"CHARLENE";"ALVAREZ";"CHARLENE.ALVAREZ@sakilacustomer.org";"14.02.2006"
"221";"BESSIE";"MORRISON";"BESSIE.MORRISON@sakilacustomer.org";"14.02.2006"
"222";"DELORES";"HANSEN";"DELORES.HANSEN@sakilacustomer.org";"14.02.2006"
"223";"MELINDA";"FERNANDEZ";"MELINDA.FERNANDEZ@sakilacustomer.org";"14.02.2006"
"224";"PEARL";"GARZA";"PEARL.GARZA@sakilacustomer.org";"14.02.2006"
"225";"ARLENE";"HARVEY";"ARLENE.HARVEY@sakilacustomer.org";"14.02.2006"
"226";"MAUREEN";"LITTLE";"MAUREEN.LITTLE@sakilacustomer.org";"14.02.2006"
"227";"COLLEEN";"BURTON";"COLLEEN.BURTON@sakilacustomer.org";"14.02.2006"
"228";"ALLISON";"STANLEY";"ALLISON.STANLEY@sakilacustomer.org";"14.02.2006"
"229";"TAMARA";"NGUYEN";"TAMARA.NGUYEN@sakilacustomer.org";"14.02.2006"
"230";"JOY";"GEORGE";"JOY.GEORGE@sakilacustomer.org";"14.02.2006"
"231";"GEORGIA";"JACOBS";"GEORGIA.JACOBS@sakilacustomer.org";"14.02.2006"
"232";"CONSTANCE";"REID";"CONSTANCE.REID@sakilacustomer.org";"14.02.2006"
"233";"LILLIE";"KIM";"LILLIE.KIM@sakilacustomer.org";"14.02.2006"
"234";"CLAUDIA";"FULLER";"CLAUDIA.FULLER@sakilacustomer.org";"14.02.2006"
"235";"JACKIE";"LYNCH";"JACKIE.LYNCH@sakilacustomer.org";"14.02.2006"
"236";"MARCIA";"DEAN";"MARCIA.DEAN@sakilacustomer.org";"14.02.2006"
"237";"TANYA";"GILBERT";"TANYA.GILBERT@sakilacustomer.org";"14.02.2006"
"238";"NELLIE";"GARRETT";"NELLIE.GARRETT@sakilacustomer.org";"14.02.2006"
"239";"MINNIE";"ROMERO";"MINNIE.ROMERO@sakilacustomer.org";"14.02.2006"
"240";"MARLENE";"WELCH";"MARLENE.WELCH@sakilacustomer.org";"14.02.2006"
"241";"HEIDI";"LARSON";"HEIDI.LARSON@sakilacustomer.org";"14.02.2006"
"242";"GLENDA";"FRAZIER";"GLENDA.FRAZIER@sakilacustomer.org";"14.02.2006"
"243";"LYDIA";"BURKE";"LYDIA.BURKE@sakilacustomer.org";"14.02.2006"
"244";"VIOLA";"HANSON";"VIOLA.HANSON@sakilacustomer.org";"14.02.2006"
"245";"COURTNEY";"DAY";"COURTNEY.DAY@sakilacustomer.org";"14.02.2006"
"246";"MARIAN";"MENDOZA";"MARIAN.MENDOZA@sakilacustomer.org";"14.02.2006"
"247";"STELLA";"MORENO";"STELLA.MORENO@sakilacustomer.org";"14.02.2006"
"248";"CAROLINE";"BOWMAN";"CAROLINE.BOWMAN@sakilacustomer.org";"14.02.2006"
"249";"DORA";"MEDINA";"DORA.MEDINA@sakilacustomer.org";"14.02.2006"
"250";"JO";"FOWLER";"JO.FOWLER@sakilacustomer.org";"14.02.2006"
"251";"VICKIE";"BREWER";"VICKIE.BREWER@sakilacustomer.org";"14.02.2006"
"252";"MATTIE";"HOFFMAN";"MATTIE.HOFFMAN@sakilacustomer.org";"14.02.2006"
"253";"TERRY";"CARLSON";"TERRY.CARLSON@sakilacustomer.org";"14.02.2006"
"254";"MAXINE";"SILVA";"MAXINE.SILVA@sakilacustomer.org";"14.02.2006"
"255";"IRMA";"PEARSON";"IRMA.PEARSON@sakilacustomer.org";"14.02.2006"
"256";"MABEL";"HOLLAND";"MABEL.HOLLAND@sakilacustomer.org";"14.02.2006"
"257";"MARSHA";"DOUGLAS";"MARSHA.DOUGLAS@sakilacustomer.org";"14.02.2006"
"258";"MYRTLE";"FLEMING";"MYRTLE.FLEMING@sakilacustomer.org";"14.02.2006"
"259";"LENA";"JENSEN";"LENA.JENSEN@sakilacustomer.org";"14.02.2006"
"260";"CHRISTY";"VARGAS";"CHRISTY.VARGAS@sakilacustomer.org";"14.02.2006"
"261";"DEANNA";"BYRD";"DEANNA.BYRD@sakilacustomer.org";"14.02.2006"
"262";"PATSY";"DAVIDSON";"PATSY.DAVIDSON@sakilacustomer.org";"14.02.2006"
"263";"HILDA";"HOPKINS";"HILDA.HOPKINS@sakilacustomer.org";"14.02.2006"
"264";"GWENDOLYN";"MAY";"GWENDOLYN.MAY@sakilacustomer.org";"14.02.2006"
"265";"JENNIE";"TERRY";"JENNIE.TERRY@sakilacustomer.org";"14.02.2006"
"266";"NORA";"HERRERA";"NORA.HERRERA@sakilacustomer.org";"14.02.2006"
"267";"MARGIE";"WADE";"MARGIE.WADE@sakilacustomer.org";"14.02.2006"
"268";"NINA";"SOTO";"NINA.SOTO@sakilacustomer.org";"14.02.2006"
"269";"CASSANDRA";"WALTERS";"CASSANDRA.WALTERS@sakilacustomer.org";"14.02.2006"
"270";"LEAH";"CURTIS";"LEAH.CURTIS@sakilacustomer.org";"14.02.2006"
"271";"PENNY";"NEAL";"PENNY.NEAL@sakilacustomer.org";"14.02.2006"
"272";"KAY";"CALDWELL";"KAY.CALDWELL@sakilacustomer.org";"14.02.2006"
"273";"PRISCILLA";"LOWE";"PRISCILLA.LOWE@sakilacustomer.org";"14.02.2006"
"274";"NAOMI";"JENNINGS";"NAOMI.JENNINGS@sakilacustomer.org";"14.02.2006"
"275";"CAROLE";"BARNETT";"CAROLE.BARNETT@sakilacustomer.org";"14.02.2006"
"276";"BRANDY";"GRAVES";"BRANDY.GRAVES@sakilacustomer.org";"14.02.2006"
"277";"OLGA";"JIMENEZ";"OLGA.JIMENEZ@sakilacustomer.org";"14.02.2006"
"278";"BILLIE";"HORTON";"BILLIE.HORTON@sakilacustomer.org";"14.02.2006"
"279";"DIANNE";"SHELTON";"DIANNE.SHELTON@sakilacustomer.org";"14.02.2006"
"280";"TRACEY";"BARRETT";"TRACEY.BARRETT@sakilacustomer.org";"14.02.2006"
"281";"LEONA";"OBRIEN";"LEONA.OBRIEN@sakilacustomer.org";"14.02.2006"
"282";"JENNY";"CASTRO";"JENNY.CASTRO@sakilacustomer.org";"14.02.2006"
"283";"FELICIA";"SUTTON";"FELICIA.SUTTON@sakilacustomer.org";"14.02.2006"
"284";"SONIA";"GREGORY";"SONIA.GREGORY@sakilacustomer.org";"14.02.2006"
"285";"MIRIAM";"MCKINNEY";"MIRIAM.MCKINNEY@sakilacustomer.org";"14.02.2006"
"286";"VELMA";"LUCAS";"VELMA.LUCAS@sakilacustomer.org";"14.02.2006"
"287";"BECKY";"MILES";"BECKY.MILES@sakilacustomer.org";"14.02.2006"
"288";"BOBBIE";"CRAIG";"BOBBIE.CRAIG@sakilacustomer.org";"14.02.2006"
"289";"VIOLET";"RODRIQUEZ";"VIOLET.RODRIQUEZ@sakilacustomer.org";"14.02.2006"
"290";"KRISTINA";"CHAMBERS";"KRISTINA.CHAMBERS@sakilacustomer.org";"14.02.2006"
"291";"TONI";"HOLT";"TONI.HOLT@sakilacustomer.org";"14.02.2006"
"292";"MISTY";"LAMBERT";"MISTY.LAMBERT@sakilacustomer.org";"14.02.2006"
"293";"MAE";"FLETCHER";"MAE.FLETCHER@sakilacustomer.org";"14.02.2006"
"294";"SHELLY";"WATTS";"SHELLY.WATTS@sakilacustomer.org";"14.02.2006"
"295";"DAISY";"BATES";"DAISY.BATES@sakilacustomer.org";"14.02.2006"
"296";"RAMONA";"HALE";"RAMONA.HALE@sakilacustomer.org";"14.02.2006"
"297";"SHERRI";"RHODES";"SHERRI.RHODES@sakilacustomer.org";"14.02.2006"
"298";"ERIKA";"PENA";"ERIKA.PENA@sakilacustomer.org";"14.02.2006"
"299";"JAMES";"GANNON";"JAMES.GANNON@sakilacustomer.org";"14.02.2006"
"300";"JOHN";"FARNSWORTH";"JOHN.FARNSWORTH@sakilacustomer.org";"14.02.2006"
"301";"ROBERT";"BAUGHMAN";"ROBERT.BAUGHMAN@sakilacustomer.org";"14.02.2006"
"302";"MICHAEL";"SILVERMAN";"MICHAEL.SILVERMAN@sakilacustomer.org";"14.02.2006"
"303";"WILLIAM";"SATTERFIELD";"WILLIAM.SATTERFIELD@sakilacustomer.org";"14.02.2006"
"304";"DAVID";"ROYAL";"DAVID.ROYAL@sakilacustomer.org";"14.02.2006"
"305";"RICHARD";"MCCRARY";"RICHARD.MCCRARY@sakilacustomer.org";"14.02.2006"
"306";"CHARLES";"KOWALSKI";"CHARLES.KOWALSKI@sakilacustomer.org";"14.02.2006"
"307";"JOSEPH";"JOY";"JOSEPH.JOY@sakilacustomer.org";"14.02.2006"
"308";"THOMAS";"GRIGSBY";"THOMAS.GRIGSBY@sakilacustomer.org";"14.02.2006"
"309";"CHRISTOPHER";"GRECO";"CHRISTOPHER.GRECO@sakilacustomer.org";"14.02.2006"
"310";"DANIEL";"CABRAL";"DANIEL.CABRAL@sakilacustomer.org";"14.02.2006"
"311";"PAUL";"TROUT";"PAUL.TROUT@sakilacustomer.org";"14.02.2006"
"312";"MARK";"RINEHART";"MARK.RINEHART@sakilacustomer.org";"14.02.2006"
"313";"DONALD";"MAHON";"DONALD.MAHON@sakilacustomer.org";"14.02.2006"
"314";"GEORGE";"LINTON";"GEORGE.LINTON@sakilacustomer.org";"14.02.2006"
"315";"KENNETH";"GOODEN";"KENNETH.GOODEN@sakilacustomer.org";"14.02.2006"
"316";"STEVEN";"CURLEY";"STEVEN.CURLEY@sakilacustomer.org";"14.02.2006"
"317";"EDWARD";"BAUGH";"EDWARD.BAUGH@sakilacustomer.org";"14.02.2006"
"318";"BRIAN";"WYMAN";"BRIAN.WYMAN@sakilacustomer.org";"14.02.2006"
"319";"RONALD";"WEINER";"RONALD.WEINER@sakilacustomer.org";"14.02.2006"
"320";"ANTHONY";"SCHWAB";"ANTHONY.SCHWAB@sakilacustomer.org";"14.02.2006"
"321";"KEVIN";"SCHULER";"KEVIN.SCHULER@sakilacustomer.org";"14.02.2006"
"322";"JASON";"MORRISSEY";"JASON.MORRISSEY@sakilacustomer.org";"14.02.2006"
"323";"MATTHEW";"MAHAN";"MATTHEW.MAHAN@sakilacustomer.org";"14.02.2006"
"324";"GARY";"COY";"GARY.COY@sakilacustomer.org";"14.02.2006"
"325";"TIMOTHY";"BUNN";"TIMOTHY.BUNN@sakilacustomer.org";"14.02.2006"
"326";"JOSE";"ANDREW";"JOSE.ANDREW@sakilacustomer.org";"14.02.2006"
"327";"LARRY";"THRASHER";"LARRY.THRASHER@sakilacustomer.org";"14.02.2006"
"328";"JEFFREY";"SPEAR";"JEFFREY.SPEAR@sakilacustomer.org";"14.02.2006"
"329";"FRANK";"WAGGONER";"FRANK.WAGGONER@sakilacustomer.org";"14.02.2006"
"330";"SCOTT";"SHELLEY";"SCOTT.SHELLEY@sakilacustomer.org";"14.02.2006"
"331";"ERIC";"ROBERT";"ERIC.ROBERT@sakilacustomer.org";"14.02.2006"
"332";"STEPHEN";"QUALLS";"STEPHEN.QUALLS@sakilacustomer.org";"14.02.2006"
"333";"ANDREW";"PURDY";"ANDREW.PURDY@sakilacustomer.org";"14.02.2006"
"334";"RAYMOND";"MCWHORTER";"RAYMOND.MCWHORTER@sakilacustomer.org";"14.02.2006"
"335";"GREGORY";"MAULDIN";"GREGORY.MAULDIN@sakilacustomer.org";"14.02.2006"
"336";"JOSHUA";"MARK";"JOSHUA.MARK@sakilacustomer.org";"14.02.2006"
"337";"JERRY";"JORDON";"JERRY.JORDON@sakilacustomer.org";"14.02.2006"
"338";"DENNIS";"GILMAN";"DENNIS.GILMAN@sakilacustomer.org";"14.02.2006"
"339";"WALTER";"PERRYMAN";"WALTER.PERRYMAN@sakilacustomer.org";"14.02.2006"
"340";"PATRICK";"NEWSOM";"PATRICK.NEWSOM@sakilacustomer.org";"14.02.2006"
"341";"PETER";"MENARD";"PETER.MENARD@sakilacustomer.org";"14.02.2006"
"342";"HAROLD";"MARTINO";"HAROLD.MARTINO@sakilacustomer.org";"14.02.2006"
"343";"DOUGLAS";"GRAF";"DOUGLAS.GRAF@sakilacustomer.org";"14.02.2006"
"344";"HENRY";"BILLINGSLEY";"HENRY.BILLINGSLEY@sakilacustomer.org";"14.02.2006"
"345";"CARL";"ARTIS";"CARL.ARTIS@sakilacustomer.org";"14.02.2006"
"346";"ARTHUR";"SIMPKINS";"ARTHUR.SIMPKINS@sakilacustomer.org";"14.02.2006"
"347";"RYAN";"SALISBURY";"RYAN.SALISBURY@sakilacustomer.org";"14.02.2006"
"348";"ROGER";"QUINTANILLA";"ROGER.QUINTANILLA@sakilacustomer.org";"14.02.2006"
"349";"JOE";"GILLILAND";"JOE.GILLILAND@sakilacustomer.org";"14.02.2006"
"350";"JUAN";"FRALEY";"JUAN.FRALEY@sakilacustomer.org";"14.02.2006"
"351";"JACK";"FOUST";"JACK.FOUST@sakilacustomer.org";"14.02.2006"
"352";"ALBERT";"CROUSE";"ALBERT.CROUSE@sakilacustomer.org";"14.02.2006"
"353";"JONATHAN";"SCARBOROUGH";"JONATHAN.SCARBOROUGH@sakilacustomer.org";"14.02.2006"
"354";"JUSTIN";"NGO";"JUSTIN.NGO@sakilacustomer.org";"14.02.2006"
"355";"TERRY";"GRISSOM";"TERRY.GRISSOM@sakilacustomer.org";"14.02.2006"
"356";"GERALD";"FULTZ";"GERALD.FULTZ@sakilacustomer.org";"14.02.2006"
"357";"KEITH";"RICO";"KEITH.RICO@sakilacustomer.org";"14.02.2006"
"358";"SAMUEL";"MARLOW";"SAMUEL.MARLOW@sakilacustomer.org";"14.02.2006"
"359";"WILLIE";"MARKHAM";"WILLIE.MARKHAM@sakilacustomer.org";"14.02.2006"
"360";"RALPH";"MADRIGAL";"RALPH.MADRIGAL@sakilacustomer.org";"14.02.2006"
"361";"LAWRENCE";"LAWTON";"LAWRENCE.LAWTON@sakilacustomer.org";"14.02.2006"
"362";"NICHOLAS";"BARFIELD";"NICHOLAS.BARFIELD@sakilacustomer.org";"14.02.2006"
"363";"ROY";"WHITING";"ROY.WHITING@sakilacustomer.org";"14.02.2006"
"364";"BENJAMIN";"VARNEY";"BENJAMIN.VARNEY@sakilacustomer.org";"14.02.2006"
"365";"BRUCE";"SCHWARZ";"BRUCE.SCHWARZ@sakilacustomer.org";"14.02.2006"
"366";"BRANDON";"HUEY";"BRANDON.HUEY@sakilacustomer.org";"14.02.2006"
"367";"ADAM";"GOOCH";"ADAM.GOOCH@sakilacustomer.org";"14.02.2006"
"368";"HARRY";"ARCE";"HARRY.ARCE@sakilacustomer.org";"14.02.2006"
"369";"FRED";"WHEAT";"FRED.WHEAT@sakilacustomer.org";"14.02.2006"
"370";"WAYNE";"TRUONG";"WAYNE.TRUONG@sakilacustomer.org";"14.02.2006"
"371";"BILLY";"POULIN";"BILLY.POULIN@sakilacustomer.org";"14.02.2006"
"372";"STEVE";"MACKENZIE";"STEVE.MACKENZIE@sakilacustomer.org";"14.02.2006"
"373";"LOUIS";"LEONE";"LOUIS.LEONE@sakilacustomer.org";"14.02.2006"
"374";"JEREMY";"HURTADO";"JEREMY.HURTADO@sakilacustomer.org";"14.02.2006"
"375";"AARON";"SELBY";"AARON.SELBY@sakilacustomer.org";"14.02.2006"
"376";"RANDY";"GAITHER";"RANDY.GAITHER@sakilacustomer.org";"14.02.2006"
"377";"HOWARD";"FORTNER";"HOWARD.FORTNER@sakilacustomer.org";"14.02.2006"
"378";"EUGENE";"CULPEPPER";"EUGENE.CULPEPPER@sakilacustomer.org";"14.02.2006"
"379";"CARLOS";"COUGHLIN";"CARLOS.COUGHLIN@sakilacustomer.org";"14.02.2006"
"380";"RUSSELL";"BRINSON";"RUSSELL.BRINSON@sakilacustomer.org";"14.02.2006"
"381";"BOBBY";"BOUDREAU";"BOBBY.BOUDREAU@sakilacustomer.org";"14.02.2006"
"382";"VICTOR";"BARKLEY";"VICTOR.BARKLEY@sakilacustomer.org";"14.02.2006"
"383";"MARTIN";"BALES";"MARTIN.BALES@sakilacustomer.org";"14.02.2006"
"384";"ERNEST";"STEPP";"ERNEST.STEPP@sakilacustomer.org";"14.02.2006"
"385";"PHILLIP";"HOLM";"PHILLIP.HOLM@sakilacustomer.org";"14.02.2006"
"386";"TODD";"TAN";"TODD.TAN@sakilacustomer.org";"14.02.2006"
"387";"JESSE";"SCHILLING";"JESSE.SCHILLING@sakilacustomer.org";"14.02.2006"
"388";"CRAIG";"MORRELL";"CRAIG.MORRELL@sakilacustomer.org";"14.02.2006"
"389";"ALAN";"KAHN";"ALAN.KAHN@sakilacustomer.org";"14.02.2006"
"390";"SHAWN";"HEATON";"SHAWN.HEATON@sakilacustomer.org";"14.02.2006"
"391";"CLARENCE";"GAMEZ";"CLARENCE.GAMEZ@sakilacustomer.org";"14.02.2006"
"392";"SEAN";"DOUGLASS";"SEAN.DOUGLASS@sakilacustomer.org";"14.02.2006"
"393";"PHILIP";"CAUSEY";"PHILIP.CAUSEY@sakilacustomer.org";"14.02.2006"
"394";"CHRIS";"BROTHERS";"CHRIS.BROTHERS@sakilacustomer.org";"14.02.2006"
"395";"JOHNNY";"TURPIN";"JOHNNY.TURPIN@sakilacustomer.org";"14.02.2006"
"396";"EARL";"SHANKS";"EARL.SHANKS@sakilacustomer.org";"14.02.2006"
"397";"JIMMY";"SCHRADER";"JIMMY.SCHRADER@sakilacustomer.org";"14.02.2006"
"398";"ANTONIO";"MEEK";"ANTONIO.MEEK@sakilacustomer.org";"14.02.2006"
"399";"DANNY";"ISOM";"DANNY.ISOM@sakilacustomer.org";"14.02.2006"
"400";"BRYAN";"HARDISON";"BRYAN.HARDISON@sakilacustomer.org";"14.02.2006"
"401";"TONY";"CARRANZA";"TONY.CARRANZA@sakilacustomer.org";"14.02.2006"
"402";"LUIS";"YANEZ";"LUIS.YANEZ@sakilacustomer.org";"14.02.2006"
"403";"MIKE";"WAY";"MIKE.WAY@sakilacustomer.org";"14.02.2006"
"404";"STANLEY";"SCROGGINS";"STANLEY.SCROGGINS@sakilacustomer.org";"14.02.2006"
"405";"LEONARD";"SCHOFIELD";"LEONARD.SCHOFIELD@sakilacustomer.org";"14.02.2006"
"406";"NATHAN";"RUNYON";"NATHAN.RUNYON@sakilacustomer.org";"14.02.2006"
"407";"DALE";"RATCLIFF";"DALE.RATCLIFF@sakilacustomer.org";"14.02.2006"
"408";"MANUEL";"MURRELL";"MANUEL.MURRELL@sakilacustomer.org";"14.02.2006"
"409";"RODNEY";"MOELLER";"RODNEY.MOELLER@sakilacustomer.org";"14.02.2006"
"410";"CURTIS";"IRBY";"CURTIS.IRBY@sakilacustomer.org";"14.02.2006"
"411";"NORMAN";"CURRIER";"NORMAN.CURRIER@sakilacustomer.org";"14.02.2006"
"412";"ALLEN";"BUTTERFIELD";"ALLEN.BUTTERFIELD@sakilacustomer.org";"14.02.2006"
"413";"MARVIN";"YEE";"MARVIN.YEE@sakilacustomer.org";"14.02.2006"
"414";"VINCENT";"RALSTON";"VINCENT.RALSTON@sakilacustomer.org";"14.02.2006"
"415";"GLENN";"PULLEN";"GLENN.PULLEN@sakilacustomer.org";"14.02.2006"
"416";"JEFFERY";"PINSON";"JEFFERY.PINSON@sakilacustomer.org";"14.02.2006"
"417";"TRAVIS";"ESTEP";"TRAVIS.ESTEP@sakilacustomer.org";"14.02.2006"
"418";"JEFF";"EAST";"JEFF.EAST@sakilacustomer.org";"14.02.2006"
"419";"CHAD";"CARBONE";"CHAD.CARBONE@sakilacustomer.org";"14.02.2006"
"420";"JACOB";"LANCE";"JACOB.LANCE@sakilacustomer.org";"14.02.2006"
"421";"LEE";"HAWKS";"LEE.HAWKS@sakilacustomer.org";"14.02.2006"
"422";"MELVIN";"ELLINGTON";"MELVIN.ELLINGTON@sakilacustomer.org";"14.02.2006"
"423";"ALFRED";"CASILLAS";"ALFRED.CASILLAS@sakilacustomer.org";"14.02.2006"
"424";"KYLE";"SPURLOCK";"KYLE.SPURLOCK@sakilacustomer.org";"14.02.2006"
"425";"FRANCIS";"SIKES";"FRANCIS.SIKES@sakilacustomer.org";"14.02.2006"
"426";"BRADLEY";"MOTLEY";"BRADLEY.MOTLEY@sakilacustomer.org";"14.02.2006"
"427";"JESUS";"MCCARTNEY";"JESUS.MCCARTNEY@sakilacustomer.org";"14.02.2006"
"428";"HERBERT";"KRUGER";"HERBERT.KRUGER@sakilacustomer.org";"14.02.2006"
"429";"FREDERICK";"ISBELL";"FREDERICK.ISBELL@sakilacustomer.org";"14.02.2006"
"430";"RAY";"HOULE";"RAY.HOULE@sakilacustomer.org";"14.02.2006"
"431";"JOEL";"FRANCISCO";"JOEL.FRANCISCO@sakilacustomer.org";"14.02.2006"
"432";"EDWIN";"BURK";"EDWIN.BURK@sakilacustomer.org";"14.02.2006"
"433";"DON";"BONE";"DON.BONE@sakilacustomer.org";"14.02.2006"
"434";"EDDIE";"TOMLIN";"EDDIE.TOMLIN@sakilacustomer.org";"14.02.2006"
"435";"RICKY";"SHELBY";"RICKY.SHELBY@sakilacustomer.org";"14.02.2006"
"436";"TROY";"QUIGLEY";"TROY.QUIGLEY@sakilacustomer.org";"14.02.2006"
"437";"RANDALL";"NEUMANN";"RANDALL.NEUMANN@sakilacustomer.org";"14.02.2006"
"438";"BARRY";"LOVELACE";"BARRY.LOVELACE@sakilacustomer.org";"14.02.2006"
"439";"ALEXANDER";"FENNELL";"ALEXANDER.FENNELL@sakilacustomer.org";"14.02.2006"
"440";"BERNARD";"COLBY";"BERNARD.COLBY@sakilacustomer.org";"14.02.2006"
"441";"MARIO";"CHEATHAM";"MARIO.CHEATHAM@sakilacustomer.org";"14.02.2006"
"442";"LEROY";"BUSTAMANTE";"LEROY.BUSTAMANTE@sakilacustomer.org";"14.02.2006"
"443";"FRANCISCO";"SKIDMORE";"FRANCISCO.SKIDMORE@sakilacustomer.org";"14.02.2006"
"444";"MARCUS";"HIDALGO";"MARCUS.HIDALGO@sakilacustomer.org";"14.02.2006"
"445";"MICHEAL";"FORMAN";"MICHEAL.FORMAN@sakilacustomer.org";"14.02.2006"
"446";"THEODORE";"CULP";"THEODORE.CULP@sakilacustomer.org";"14.02.2006"
"447";"CLIFFORD";"BOWENS";"CLIFFORD.BOWENS@sakilacustomer.org";"14.02.2006"
"448";"MIGUEL";"BETANCOURT";"MIGUEL.BETANCOURT@sakilacustomer.org";"14.02.2006"
"449";"OSCAR";"AQUINO";"OSCAR.AQUINO@sakilacustomer.org";"14.02.2006"
"450";"JAY";"ROBB";"JAY.ROBB@sakilacustomer.org";"14.02.2006"
"451";"JIM";"REA";"JIM.REA@sakilacustomer.org";"14.02.2006"
"452";"TOM";"MILNER";"TOM.MILNER@sakilacustomer.org";"14.02.2006"
"453";"CALVIN";"MARTEL";"CALVIN.MARTEL@sakilacustomer.org";"14.02.2006"
"454";"ALEX";"GRESHAM";"ALEX.GRESHAM@sakilacustomer.org";"14.02.2006"
"455";"JON";"WILES";"JON.WILES@sakilacustomer.org";"14.02.2006"
"456";"RONNIE";"RICKETTS";"RONNIE.RICKETTS@sakilacustomer.org";"14.02.2006"
"457";"BILL";"GAVIN";"BILL.GAVIN@sakilacustomer.org";"14.02.2006"
"458";"LLOYD";"DOWD";"LLOYD.DOWD@sakilacustomer.org";"14.02.2006"
"459";"TOMMY";"COLLAZO";"TOMMY.COLLAZO@sakilacustomer.org";"14.02.2006"
"460";"LEON";"BOSTIC";"LEON.BOSTIC@sakilacustomer.org";"14.02.2006"
"461";"DEREK";"BLAKELY";"DEREK.BLAKELY@sakilacustomer.org";"14.02.2006"
"462";"WARREN";"SHERROD";"WARREN.SHERROD@sakilacustomer.org";"14.02.2006"
"463";"DARRELL";"POWER";"DARRELL.POWER@sakilacustomer.org";"14.02.2006"
"464";"JEROME";"KENYON";"JEROME.KENYON@sakilacustomer.org";"14.02.2006"
"465";"FLOYD";"GANDY";"FLOYD.GANDY@sakilacustomer.org";"14.02.2006"
"466";"LEO";"EBERT";"LEO.EBERT@sakilacustomer.org";"14.02.2006"
"467";"ALVIN";"DELOACH";"ALVIN.DELOACH@sakilacustomer.org";"14.02.2006"
"468";"TIM";"CARY";"TIM.CARY@sakilacustomer.org";"14.02.2006"
"469";"WESLEY";"BULL";"WESLEY.BULL@sakilacustomer.org";"14.02.2006"
"470";"GORDON";"ALLARD";"GORDON.ALLARD@sakilacustomer.org";"14.02.2006"
"471";"DEAN";"SAUER";"DEAN.SAUER@sakilacustomer.org";"14.02.2006"
"472";"GREG";"ROBINS";"GREG.ROBINS@sakilacustomer.org";"14.02.2006"
"473";"JORGE";"OLIVARES";"JORGE.OLIVARES@sakilacustomer.org";"14.02.2006"
"474";"DUSTIN";"GILLETTE";"DUSTIN.GILLETTE@sakilacustomer.org";"14.02.2006"
"475";"PEDRO";"CHESTNUT";"PEDRO.CHESTNUT@sakilacustomer.org";"14.02.2006"
"476";"DERRICK";"BOURQUE";"DERRICK.BOURQUE@sakilacustomer.org";"14.02.2006"
"477";"DAN";"PAINE";"DAN.PAINE@sakilacustomer.org";"14.02.2006"
"478";"LEWIS";"LYMAN";"LEWIS.LYMAN@sakilacustomer.org";"14.02.2006"
"479";"ZACHARY";"HITE";"ZACHARY.HITE@sakilacustomer.org";"14.02.2006"
"480";"COREY";"HAUSER";"COREY.HAUSER@sakilacustomer.org";"14.02.2006"
"481";"HERMAN";"DEVORE";"HERMAN.DEVORE@sakilacustomer.org";"14.02.2006"
"482";"MAURICE";"CRAWLEY";"MAURICE.CRAWLEY@sakilacustomer.org";"14.02.2006"
"483";"VERNON";"CHAPA";"VERNON.CHAPA@sakilacustomer.org";"14.02.2006"
"484";"ROBERTO";"VU";"ROBERTO.VU@sakilacustomer.org";"14.02.2006"
"485";"CLYDE";"TOBIAS";"CLYDE.TOBIAS@sakilacustomer.org";"14.02.2006"
"486";"GLEN";"TALBERT";"GLEN.TALBERT@sakilacustomer.org";"14.02.2006"
"487";"HECTOR";"POINDEXTER";"HECTOR.POINDEXTER@sakilacustomer.org";"14.02.2006"
"488";"SHANE";"MILLARD";"SHANE.MILLARD@sakilacustomer.org";"14.02.2006"
"489";"RICARDO";"MEADOR";"RICARDO.MEADOR@sakilacustomer.org";"14.02.2006"
"490";"SAM";"MCDUFFIE";"SAM.MCDUFFIE@sakilacustomer.org";"14.02.2006"
"491";"RICK";"MATTOX";"RICK.MATTOX@sakilacustomer.org";"14.02.2006"
"492";"LESTER";"KRAUS";"LESTER.KRAUS@sakilacustomer.org";"14.02.2006"
"493";"BRENT";"HARKINS";"BRENT.HARKINS@sakilacustomer.org";"14.02.2006"
"494";"RAMON";"CHOATE";"RAMON.CHOATE@sakilacustomer.org";"14.02.2006"
"495";"CHARLIE";"BESS";"CHARLIE.BESS@sakilacustomer.org";"14.02.2006"
"496";"TYLER";"WREN";"TYLER.WREN@sakilacustomer.org";"14.02.2006"
"497";"GILBERT";"SLEDGE";"GILBERT.SLEDGE@sakilacustomer.org";"14.02.2006"
"498";"GENE";"SANBORN";"GENE.SANBORN@sakilacustomer.org";"14.02.2006"
"499";"MARC";"OUTLAW";"MARC.OUTLAW@sakilacustomer.org";"14.02.2006"
"500";"REGINALD";"KINDER";"REGINALD.KINDER@sakilacustomer.org";"14.02.2006"
"501";"RUBEN";"GEARY";"RUBEN.GEARY@sakilacustomer.org";"14.02.2006"
"502";"BRETT";"CORNWELL";"BRETT.CORNWELL@sakilacustomer.org";"14.02.2006"
"503";"ANGEL";"BARCLAY";"ANGEL.BARCLAY@sakilacustomer.org";"14.02.2006"
"504";"NATHANIEL";"ADAM";"NATHANIEL.ADAM@sakilacustomer.org";"14.02.2006"
"505";"RAFAEL";"ABNEY";"RAFAEL.ABNEY@sakilacustomer.org";"14.02.2006"
"506";"LESLIE";"SEWARD";"LESLIE.SEWARD@sakilacustomer.org";"14.02.2006"
"507";"EDGAR";"RHOADS";"EDGAR.RHOADS@sakilacustomer.org";"14.02.2006"
"508";"MILTON";"HOWLAND";"MILTON.HOWLAND@sakilacustomer.org";"14.02.2006"
"509";"RAUL";"FORTIER";"RAUL.FORTIER@sakilacustomer.org";"14.02.2006"
"510";"BEN";"EASTER";"BEN.EASTER@sakilacustomer.org";"14.02.2006"
"511";"CHESTER";"BENNER";"CHESTER.BENNER@sakilacustomer.org";"14.02.2006"
"512";"CECIL";"VINES";"CECIL.VINES@sakilacustomer.org";"14.02.2006"
"513";"DUANE";"TUBBS";"DUANE.TUBBS@sakilacustomer.org";"14.02.2006"
"514";"FRANKLIN";"TROUTMAN";"FRANKLIN.TROUTMAN@sakilacustomer.org";"14.02.2006"
"515";"ANDRE";"RAPP";"ANDRE.RAPP@sakilacustomer.org";"14.02.2006"
"516";"ELMER";"NOE";"ELMER.NOE@sakilacustomer.org";"14.02.2006"
"517";"BRAD";"MCCURDY";"BRAD.MCCURDY@sakilacustomer.org";"14.02.2006"
"518";"GABRIEL";"HARDER";"GABRIEL.HARDER@sakilacustomer.org";"14.02.2006"
"519";"RON";"DELUCA";"RON.DELUCA@sakilacustomer.org";"14.02.2006"
"520";"MITCHELL";"WESTMORELAND";"MITCHELL.WESTMORELAND@sakilacustomer.org";"14.02.2006"
"521";"ROLAND";"SOUTH";"ROLAND.SOUTH@sakilacustomer.org";"14.02.2006"
"522";"ARNOLD";"HAVENS";"ARNOLD.HAVENS@sakilacustomer.org";"14.02.2006"
"523";"HARVEY";"GUAJARDO";"HARVEY.GUAJARDO@sakilacustomer.org";"14.02.2006"
"524";"JARED";"ELY";"JARED.ELY@sakilacustomer.org";"14.02.2006"
"525";"ADRIAN";"CLARY";"ADRIAN.CLARY@sakilacustomer.org";"14.02.2006"
"526";"KARL";"SEAL";"KARL.SEAL@sakilacustomer.org";"14.02.2006"
"527";"CORY";"MEEHAN";"CORY.MEEHAN@sakilacustomer.org";"14.02.2006"
"528";"CLAUDE";"HERZOG";"CLAUDE.HERZOG@sakilacustomer.org";"14.02.2006"
"529";"ERIK";"GUILLEN";"ERIK.GUILLEN@sakilacustomer.org";"14.02.2006"
"530";"DARRYL";"ASHCRAFT";"DARRYL.ASHCRAFT@sakilacustomer.org";"14.02.2006"
"531";"JAMIE";"WAUGH";"JAMIE.WAUGH@sakilacustomer.org";"14.02.2006"
"532";"NEIL";"RENNER";"NEIL.RENNER@sakilacustomer.org";"14.02.2006"
"533";"JESSIE";"MILAM";"JESSIE.MILAM@sakilacustomer.org";"14.02.2006"
"534";"CHRISTIAN";"JUNG";"CHRISTIAN.JUNG@sakilacustomer.org";"14.02.2006"
"535";"JAVIER";"ELROD";"JAVIER.ELROD@sakilacustomer.org";"14.02.2006"
"536";"FERNANDO";"CHURCHILL";"FERNANDO.CHURCHILL@sakilacustomer.org";"14.02.2006"
"537";"CLINTON";"BUFORD";"CLINTON.BUFORD@sakilacustomer.org";"14.02.2006"
"538";"TED";"BREAUX";"TED.BREAUX@sakilacustomer.org";"14.02.2006"
"539";"MATHEW";"BOLIN";"MATHEW.BOLIN@sakilacustomer.org";"14.02.2006"
"540";"TYRONE";"ASHER";"TYRONE.ASHER@sakilacustomer.org";"14.02.2006"
"541";"DARREN";"WINDHAM";"DARREN.WINDHAM@sakilacustomer.org";"14.02.2006"
"542";"LONNIE";"TIRADO";"LONNIE.TIRADO@sakilacustomer.org";"14.02.2006"
"543";"LANCE";"PEMBERTON";"LANCE.PEMBERTON@sakilacustomer.org";"14.02.2006"
"544";"CODY";"NOLEN";"CODY.NOLEN@sakilacustomer.org";"14.02.2006"
"545";"JULIO";"NOLAND";"JULIO.NOLAND@sakilacustomer.org";"14.02.2006"
"546";"KELLY";"KNOTT";"KELLY.KNOTT@sakilacustomer.org";"14.02.2006"
"547";"KURT";"EMMONS";"KURT.EMMONS@sakilacustomer.org";"14.02.2006"
"548";"ALLAN";"CORNISH";"ALLAN.CORNISH@sakilacustomer.org";"14.02.2006"
"549";"NELSON";"CHRISTENSON";"NELSON.CHRISTENSON@sakilacustomer.org";"14.02.2006"
"550";"GUY";"BROWNLEE";"GUY.BROWNLEE@sakilacustomer.org";"14.02.2006"
"551";"CLAYTON";"BARBEE";"CLAYTON.BARBEE@sakilacustomer.org";"14.02.2006"
"552";"HUGH";"WALDROP";"HUGH.WALDROP@sakilacustomer.org";"14.02.2006"
"553";"MAX";"PITT";"MAX.PITT@sakilacustomer.org";"14.02.2006"
"554";"DWAYNE";"OLVERA";"DWAYNE.OLVERA@sakilacustomer.org";"14.02.2006"
"555";"DWIGHT";"LOMBARDI";"DWIGHT.LOMBARDI@sakilacustomer.org";"14.02.2006"
"556";"ARMANDO";"GRUBER";"ARMANDO.GRUBER@sakilacustomer.org";"14.02.2006"
"557";"FELIX";"GAFFNEY";"FELIX.GAFFNEY@sakilacustomer.org";"14.02.2006"
"558";"JIMMIE";"EGGLESTON";"JIMMIE.EGGLESTON@sakilacustomer.org";"14.02.2006"
"559";"EVERETT";"BANDA";"EVERETT.BANDA@sakilacustomer.org";"14.02.2006"
"560";"JORDAN";"ARCHULETA";"JORDAN.ARCHULETA@sakilacustomer.org";"14.02.2006"
"561";"IAN";"STILL";"IAN.STILL@sakilacustomer.org";"14.02.2006"
"562";"WALLACE";"SLONE";"WALLACE.SLONE@sakilacustomer.org";"14.02.2006"
"563";"KEN";"PREWITT";"KEN.PREWITT@sakilacustomer.org";"14.02.2006"
"564";"BOB";"PFEIFFER";"BOB.PFEIFFER@sakilacustomer.org";"14.02.2006"
"565";"JAIME";"NETTLES";"JAIME.NETTLES@sakilacustomer.org";"14.02.2006"
"566";"CASEY";"MENA";"CASEY.MENA@sakilacustomer.org";"14.02.2006"
"567";"ALFREDO";"MCADAMS";"ALFREDO.MCADAMS@sakilacustomer.org";"14.02.2006"
"568";"ALBERTO";"HENNING";"ALBERTO.HENNING@sakilacustomer.org";"14.02.2006"
"569";"DAVE";"GARDINER";"DAVE.GARDINER@sakilacustomer.org";"14.02.2006"
"570";"IVAN";"CROMWELL";"IVAN.CROMWELL@sakilacustomer.org";"14.02.2006"
"571";"JOHNNIE";"CHISHOLM";"JOHNNIE.CHISHOLM@sakilacustomer.org";"14.02.2006"
"572";"SIDNEY";"BURLESON";"SIDNEY.BURLESON@sakilacustomer.org";"14.02.2006"
"573";"BYRON";"BOX";"BYRON.BOX@sakilacustomer.org";"14.02.2006"
"574";"JULIAN";"VEST";"JULIAN.VEST@sakilacustomer.org";"14.02.2006"
"575";"ISAAC";"OGLESBY";"ISAAC.OGLESBY@sakilacustomer.org";"14.02.2006"
"576";"MORRIS";"MCCARTER";"MORRIS.MCCARTER@sakilacustomer.org";"14.02.2006"
"577";"CLIFTON";"MALCOLM";"CLIFTON.MALCOLM@sakilacustomer.org";"14.02.2006"
"578";"WILLARD";"LUMPKIN";"WILLARD.LUMPKIN@sakilacustomer.org";"14.02.2006"
"579";"DARYL";"LARUE";"DARYL.LARUE@sakilacustomer.org";"14.02.2006"
"580";"ROSS";"GREY";"ROSS.GREY@sakilacustomer.org";"14.02.2006"
"581";"VIRGIL";"WOFFORD";"VIRGIL.WOFFORD@sakilacustomer.org";"14.02.2006"
"582";"ANDY";"VANHORN";"ANDY.VANHORN@sakilacustomer.org";"14.02.2006"
"583";"MARSHALL";"THORN";"MARSHALL.THORN@sakilacustomer.org";"14.02.2006"
"584";"SALVADOR";"TEEL";"SALVADOR.TEEL@sakilacustomer.org";"14.02.2006"
"585";"PERRY";"SWAFFORD";"PERRY.SWAFFORD@sakilacustomer.org";"14.02.2006"
"586";"KIRK";"STCLAIR";"KIRK.STCLAIR@sakilacustomer.org";"14.02.2006"
"587";"SERGIO";"STANFIELD";"SERGIO.STANFIELD@sakilacustomer.org";"14.02.2006"
"588";"MARION";"OCAMPO";"MARION.OCAMPO@sakilacustomer.org";"14.02.2006"
"589";"TRACY";"HERRMANN";"TRACY.HERRMANN@sakilacustomer.org";"14.02.2006"
"590";"SETH";"HANNON";"SETH.HANNON@sakilacustomer.org";"14.02.2006"
"591";"KENT";"ARSENAULT";"KENT.ARSENAULT@sakilacustomer.org";"14.02.2006"
"592";"TERRANCE";"ROUSH";"TERRANCE.ROUSH@sakilacustomer.org";"14.02.2006"
"593";"RENE";"MCALISTER";"RENE.MCALISTER@sakilacustomer.org";"14.02.2006"
"594";"EDUARDO";"HIATT";"EDUARDO.HIATT@sakilacustomer.org";"14.02.2006"
"595";"TERRENCE";"GUNDERSON";"TERRENCE.GUNDERSON@sakilacustomer.org";"14.02.2006"
"596";"ENRIQUE";"FORSYTHE";"ENRIQUE.FORSYTHE@sakilacustomer.org";"14.02.2006"
"597";"FREDDIE";"DUGGAN";"FREDDIE.DUGGAN@sakilacustomer.org";"14.02.2006"
"598";"WADE";"DELVALLE";"WADE.DELVALLE@sakilacustomer.org";"14.02.2006"
"599";"AUSTIN";"CINTRON";"AUSTIN.CINTRON@sakilacustomer.org";"14.02.2006"
